-- phpMyAdmin SQL Dump
-- version 5.2.0
-- https://www.phpmyadmin.net/
--
-- Host: 127.0.0.1
-- Czas generowania: 12 Gru 2022, 12:23
-- Wersja serwera: 10.4.24-MariaDB
-- Wersja PHP: 8.1.6

SET SQL_MODE = "NO_AUTO_VALUE_ON_ZERO";
START TRANSACTION;
SET time_zone = "+00:00";


/*!40101 SET @OLD_CHARACTER_SET_CLIENT=@@CHARACTER_SET_CLIENT */;
/*!40101 SET @OLD_CHARACTER_SET_RESULTS=@@CHARACTER_SET_RESULTS */;
/*!40101 SET @OLD_COLLATION_CONNECTION=@@COLLATION_CONNECTION */;
/*!40101 SET NAMES utf8mb4 */;

--
-- Baza danych: `blog`
--

-- --------------------------------------------------------

--
-- Struktura tabeli dla tabeli `article`
--

CREATE TABLE `article` (
  `article_id` int(11) NOT NULL,
  `author_id` int(11) NOT NULL,
  `title` varchar(50) COLLATE utf8_polish_ci NOT NULL,
  `text` text COLLATE utf8_polish_ci NOT NULL,
  `category` varchar(30) COLLATE utf8_polish_ci NOT NULL,
  `submit_date` date NOT NULL
) ENGINE=InnoDB DEFAULT CHARSET=utf8 COLLATE=utf8_polish_ci;

--
-- Zrzut danych tabeli `article`
--

INSERT INTO `article` (`article_id`, `author_id`, `title`, `text`, `category`, `submit_date`) VALUES
(1, 1, 'Hello, world!', 'Lorem ipsum dolor sit amet, consectetur adipiscing elit. Nam fringilla velit nec erat euismod elementum. Vivamus ultricies lorem at est euismod, vitae feugiat eros elementum. Curabitur sed nisl sapien. Nam at leo porta, ultrices ex sit amet, mollis ante. Fusce non risus quis nisl feugiat dapibus. In commodo blandit pretium. Curabitur ac lectus vitae nisi convallis ornare id a felis. Ut blandit venenatis neque, eu gravida mi viverra vitae. Cras at auctor purus. Pellentesque non justo quis quam suscipit sagittis. Duis id dolor porttitor, pretium tortor luctus, porta nisi. Nunc posuere ultricies tempus. Duis sed sapien elit. Donec pretium ante sed enim aliquet, vitae faucibus libero posuere. Proin at rhoncus sapien, molestie facilisis odio.\r\n\r\nEtiam ut ultrices nunc. Proin orci mauris, hendrerit quis viverra sed, commodo nec neque. Donec tempor mi at dolor imperdiet aliquam. Quisque iaculis dui at ex lobortis, vitae mattis quam lobortis. In hac habitasse platea dictumst. Nam vitae fringilla felis. Vivamus suscipit commodo ante, non gravida erat elementum eget. Donec euismod neque nec pellentesque volutpat. Quisque nunc sapien, aliquam at libero in, ullamcorper feugiat odio.\r\n\r\nProin pulvinar fringilla lorem, nec molestie ligula tincidunt nec. Aliquam bibendum sem eget odio condimentum pulvinar. Sed eget sapien at neque iaculis fermentum vitae blandit purus. Cras auctor dictum odio eu finibus. Proin vehicula tempor sem. Sed aliquam mattis augue sed scelerisque. Sed ultrices rhoncus venenatis. Maecenas accumsan sem quis sapien mattis convallis. Nunc ultrices a leo in rutrum. Proin facilisis, justo vel maximus elementum, lorem nisi auctor sapien, at pellentesque nisi velit ac ex. Donec at nisl porta, ornare enim nec, maximus eros. Vestibulum sed laoreet arcu. Sed mattis eleifend luctus. Phasellus a malesuada mi. Aliquam scelerisque quam eu convallis egestas.\r\n\r\nNunc quis laoreet lacus. Sed lacinia pulvinar leo, eu suscipit ex tempus eu. Pellentesque fringilla feugiat purus vel feugiat. Ut fringilla neque id ex pellentesque, vitae ultrices dui ultricies. Duis in justo justo. Praesent pretium velit et ex scelerisque, id ultrices nibh cursus. Donec bibendum erat orci, eu viverra sapien lacinia nec. Morbi vulputate at diam non ullamcorper. Suspendisse at facilisis risus, id dignissim augue.\r\n\r\nCurabitur facilisis dignissim massa eu malesuada. Praesent vel dolor molestie, tincidunt ante a, convallis leo. Nunc ut ligula facilisis, elementum urna aliquam, facilisis sapien. Pellentesque pharetra quam id sagittis condimentum. Integer et tincidunt arcu. Mauris rhoncus diam vel dignissim ultrices. Cras vitae quam fringilla, semper dolor id, faucibus odio. Proin suscipit fringilla rutrum. Maecenas interdum ligula ornare, blandit elit nec, ullamcorper justo. Quisque semper risus id convallis feugiat. Integer vitae posuere sem. Donec laoreet nulla ut erat gravida, sit amet interdum purus blandit. Nunc fermentum posuere felis, non pretium mauris vulputate ut. Suspendisse non rutrum massa.', 'Announcements', '2022-12-07'),
(2, 3, '<h1>Test</h1>', 'Neque porro quisquam est qui dolorem ipsum quia dolor sit amet, consectetur, adipisci velit...', 'Misc.', '2022-12-07'),
(3, 2, 'Quidquid latine dictum sit, altum videtur', '(something)', 'Misc.', '2022-12-07');

-- --------------------------------------------------------

--
-- Struktura tabeli dla tabeli `comment`
--

CREATE TABLE `comment` (
  `comment_id` int(11) NOT NULL,
  `article_id` int(11) NOT NULL,
  `author_id` int(11) NOT NULL,
  `text` text COLLATE utf8_polish_ci NOT NULL,
  `submit_date` date NOT NULL
) ENGINE=InnoDB DEFAULT CHARSET=utf8 COLLATE=utf8_polish_ci;

--
-- Zrzut danych tabeli `comment`
--

INSERT INTO `comment` (`comment_id`, `article_id`, `author_id`, `text`, `submit_date`) VALUES
(1, 1, 2, 'Test123', '2022-12-08'),
(2, 1, 3, '>++++++++[<+++++++++>-]<.\r\n>++++[<+++++++>-]<+.\r\n+++++++..\r\n+++.\r\n>>++++++[<+++++++>-]<++.\r\n------------.\r\n>++++++[<+++++++++>-]<+.\r\n<.\r\n+++.\r\n------.\r\n--------.\r\n>>>++++[<++++++++>-]<+.', '2022-12-09'),
(3, 3, 3, 'Flagged & reported. Admin delete pls', '2022-12-08');

-- --------------------------------------------------------

--
-- Struktura tabeli dla tabeli `permission`
--

CREATE TABLE `permission` (
  `permission_id` int(11) NOT NULL,
  `name` varchar(16) COLLATE utf8_polish_ci NOT NULL,
  `description` text COLLATE utf8_polish_ci DEFAULT NULL
) ENGINE=InnoDB DEFAULT CHARSET=utf8 COLLATE=utf8_polish_ci;

--
-- Zrzut danych tabeli `permission`
--

INSERT INTO `permission` (`permission_id`, `name`, `description`) VALUES
(1, 'view_blog', 'Permission to view the blog site contents.'),
(2, 'submit_articles', 'Permission to write and publish articles to the blog.'),
(3, 'submit_comments', 'Permission to write and submit comments to articles on the blog.');

-- --------------------------------------------------------

--
-- Struktura tabeli dla tabeli `role`
--

CREATE TABLE `role` (
  `role_id` int(11) NOT NULL,
  `name` varchar(16) COLLATE utf8_polish_ci NOT NULL,
  `description` text COLLATE utf8_polish_ci DEFAULT NULL
) ENGINE=InnoDB DEFAULT CHARSET=utf8 COLLATE=utf8_polish_ci;

--
-- Zrzut danych tabeli `role`
--

INSERT INTO `role` (`role_id`, `name`, `description`) VALUES
(1, 'admin', 'Blog administrator with high privileges. Many users can be assigned this role.'),
(2, 'user', 'Logged-in blog user with limited privileges. Default role for new accounts.'),
(3, 'viewer', 'Blog viewer, who is not logged in, with just viewing privileges.');

-- --------------------------------------------------------

--
-- Struktura tabeli dla tabeli `role_permissions`
--

CREATE TABLE `role_permissions` (
  `role_id` int(11) NOT NULL,
  `permission_id` int(11) NOT NULL
) ENGINE=InnoDB DEFAULT CHARSET=utf8 COLLATE=utf8_polish_ci;

--
-- Zrzut danych tabeli `role_permissions`
--

INSERT INTO `role_permissions` (`role_id`, `permission_id`) VALUES
(2, 2),
(2, 3),
(3, 1);

-- --------------------------------------------------------

--
-- Struktura tabeli dla tabeli `user`
--

CREATE TABLE `user` (
  `user_id` int(11) NOT NULL,
  `name` varchar(30) COLLATE utf8_polish_ci NOT NULL,
  `email` varchar(30) COLLATE utf8_polish_ci NOT NULL,
  `avatar` blob NOT NULL
) ENGINE=InnoDB DEFAULT CHARSET=utf8 COLLATE=utf8_polish_ci;

--
-- Zrzut danych tabeli `user`
--

INSERT INTO `user` (`user_id`, `name`, `email`, `avatar`) VALUES
(1, 'Admin', 'admin@console.blog', 0x3c3f786d6c2076657273696f6e3d22312e302220656e636f64696e673d225554462d3822207374616e64616c6f6e653d226e6f223f3e0a0a3c212d2d20687474703a2f2f636f64652e676f6f676c652e636f6d2f702f766563746f722d706c6179696e672d63617264732f202d2d3e0a0a3c7376670a202020786d6c6e733a64633d22687474703a2f2f7075726c2e6f72672f64632f656c656d656e74732f312e312f220a202020786d6c6e733a63633d22687474703a2f2f6372656174697665636f6d6d6f6e732e6f72672f6e7323220a202020786d6c6e733a7264663d22687474703a2f2f7777772e77332e6f72672f313939392f30322f32322d7264662d73796e7461782d6e7323220a202020786d6c6e733a7376673d22687474703a2f2f7777772e77332e6f72672f323030302f737667220a202020786d6c6e733d22687474703a2f2f7777772e77332e6f72672f323030302f737667220a202020786d6c6e733a736f6469706f64693d22687474703a2f2f736f6469706f64692e736f75726365666f7267652e6e65742f4454442f736f6469706f64692d302e647464220a202020786d6c6e733a696e6b73636170653d22687474703a2f2f7777772e696e6b73636170652e6f72672f6e616d657370616365732f696e6b7363617065220a20202077696474683d223136372e303836393134317074220a2020206865696768743d223234322e363636393932327074220a20202076696577426f783d22302030203136372e30383639313431203234322e36363639393232220a202020786d6c3a73706163653d227072657365727665220a20202069643d2273766732220a20202076657273696f6e3d22312e31220a202020696e6b73636170653a76657273696f6e3d22302e34382e30207239363534220a202020736f6469706f64693a646f636e616d653d227265645f6a6f6b65722e737667220a202020696e6b73636170653a6578706f72742d66696c656e616d653d222f686f6d652f6279726f6e2f6172742f63617264732f66696e616c2f504e47732f7265645f6a6f6b65722e706e67220a202020696e6b73636170653a6578706f72742d786470693d223231352e3434373932220a202020696e6b73636170653a6578706f72742d796470693d223231352e3434373932223e3c6d657461646174610a20202069643d226d657461646174613433223e3c7264663a5244463e3c63633a576f726b0a202020202020207264663a61626f75743d22223e3c64633a666f726d61743e696d6167652f7376672b786d6c3c2f64633a666f726d61743e3c64633a747970650a2020202020202020207264663a7265736f757263653d22687474703a2f2f7075726c2e6f72672f64632f64636d69747970652f5374696c6c496d61676522202f3e3c64633a7469746c653e3c2f64633a7469746c653e3c2f63633a576f726b3e3c2f7264663a5244463e3c2f6d657461646174613e3c646566730a20202069643d2264656673343122202f3e3c736f6469706f64693a6e616d6564766965770a20202070616765636f6c6f723d2223666666666666220a202020626f72646572636f6c6f723d2223363636363636220a202020626f726465726f7061636974793d2231220a2020206f626a656374746f6c6572616e63653d223130220a20202067726964746f6c6572616e63653d223130220a2020206775696465746f6c6572616e63653d223130220a202020696e6b73636170653a706167656f7061636974793d2230220a202020696e6b73636170653a70616765736861646f773d2232220a202020696e6b73636170653a77696e646f772d77696474683d2231363830220a202020696e6b73636170653a77696e646f772d6865696768743d22393737220a20202069643d226e616d6564766965773339220a20202073686f77677269643d2266616c7365220a202020696e6b73636170653a7a6f6f6d3d22322e34333336383733220a202020696e6b73636170653a63783d2234312e363337383731220a202020696e6b73636170653a63793d223135322e333834220a202020696e6b73636170653a77696e646f772d783d2230220a202020696e6b73636170653a77696e646f772d793d223235220a202020696e6b73636170653a77696e646f772d6d6178696d697a65643d2231220a202020696e6b73636170653a63757272656e742d6c617965723d227376673222202f3e0a093c670a20202069643d224c617965725f78303032305f31220a2020207374796c653d2266696c6c2d72756c653a6e6f6e7a65726f3b636c69702d72756c653a6e6f6e7a65726f3b7374726f6b653a233030303030303b7374726f6b652d6d697465726c696d69743a343b223e0a09093c706174680a2020207374796c653d2266696c6c3a234646464646463b7374726f6b652d77696474683a302e353b220a202020643d224d3136362e383336393134312c3233352e3534373835313663302c332e373737333433382d332e303836393134312c362e383639313430362d362e383731303933382c362e3836393134303648372e31313038333938632d332e373734393032332c302d362e383630383339382d332e303931373936392d362e383630383339382d362e3836393134303656372e3132303131373243302e32352c332e333432373733342c332e333335393337352c302e32352c372e313130383339382c302e3235683135322e383534393830352020202063332e373834313739372c302c362e383731303933382c332e303932373733342c362e383731303933382c362e38373031313732763232382e343237373334347a220a20202069643d22706174683522202f3e0a09093c670a2020207374796c653d227374726f6b653a6e6f6e653b220a20202069643d226737223e0a0909093c670a20202069643d226739223e0a090909090a0909093c2f673e0a0909090a09093c2f673e0a09093c670a20202069643d22673135223e0a0909090a09093c2f673e0a09093c670a20202069643d22673139223e0a0909090a09093c2f673e0a09093c670a2020207374796c653d227374726f6b653a6e6f6e653b220a20202069643d22673233223e0a0909093c670a20202069643d22673235223e0a090909090a0909093c2f673e0a0909090a09093c2f673e0a09093c670a2020207374796c653d227374726f6b653a6e6f6e653b220a20202069643d22673331223e0a0909093c670a20202069643d22673333223e0a090909090a0909093c2f673e0a0909090a09093c2f673e0a093c2f673e0a3c746578740a202020786d6c3a73706163653d227072657365727665220a2020207374796c653d22666f6e742d73697a653a333270783b666f6e742d7374796c653a6e6f726d616c3b666f6e742d7765696768743a6e6f726d616c3b6c696e652d6865696768743a313235253b6c65747465722d73706163696e673a3070783b776f72642d73706163696e673a3070783b66696c6c3a236466303030303b66696c6c2d6f7061636974793a313b7374726f6b653a6e6f6e653b666f6e742d66616d696c793a42697473747265616d20566572612053616e73220a202020783d22332e39343436333136220a202020793d2232372e333535383438220a20202069643d227465787433373838220a202020736f6469706f64693a6c696e6573706163696e673d2231323525223e3c747370616e0a2020202020736f6469706f64693a726f6c653d226c696e65220a202020202069643d22747370616e33373930220a2020202020783d22332e39343436333136220a2020202020793d2232372e333535383438220a20202020207374796c653d22666f6e742d7374796c653a6974616c69633b666f6e742d76617269616e743a6e6f726d616c3b666f6e742d7765696768743a626f6c643b666f6e742d737472657463683a6e6f726d616c3b666f6e742d66616d696c793a4c4d4d61746853796d626f6c73393b2d696e6b73636170652d666f6e742d73706563696669636174696f6e3a4c4d4d61746853796d626f6c733920426f6c64204974616c69633b66696c6c3a236466303030303b66696c6c2d6f7061636974793a31223e4a3c2f747370616e3e3c2f746578743e0a0a0a0a0a0a0a0a0a3c670a2020207472616e73666f726d3d226d617472697828322e323731313736332c322e323731313736332c2d322e303736353632362c322e303736353632362c3131372e303636382c39342e34333635313129220a20202069643d226c61796572312d372d3838223e3c706174680a202020202069643d22736c2d34220a2020202020643d224d20372e3938392c332e313033204320372e3734372c2d302e39353420302e3234322c2d382e353920302c2d31302e352063202d302e3234322c312e393039202d372e3734372c392e353435202d372e3938392c31332e363033202d302e3136392c322e38363820312e3639352c342e30353720332e33392c342e30353720312e383335313638352c2d302e30323135383120332e333530383730312c2d322e3830303639343420332e3837332c2d332e33343120302e3234322c302e373136202d312e3630332c362e363832202d322e3137392c362e363832206c20352e3831312c30204320322e33332c31302e35303120302e3438352c342e35333520302e3732372c332e38313920312e313834313437322c342e3331353239363120322e353234313237362c372e3037363832393520342e3630312c372e313620362e3239352c372e31353920382e3135382c352e39373120372e3938392c332e313033207a220a2020202020696e6b73636170653a636f6e6e6563746f722d6375727661747572653d2230220a20202020207374796c653d2266696c6c3a23303030303030220a2020202020736f6469706f64693a6e6f646574797065733d226363636363636363636322202f3e3c2f673e0a0a3c746578740a202020786d6c3a73706163653d227072657365727665220a2020207374796c653d22666f6e742d73697a653a333270783b666f6e742d7374796c653a6e6f726d616c3b666f6e742d7765696768743a6e6f726d616c3b6c696e652d6865696768743a313235253b6c65747465722d73706163696e673a3070783b776f72642d73706163696e673a3070783b66696c6c3a236466303030303b66696c6c2d6f7061636974793a313b7374726f6b653a6e6f6e653b666f6e742d66616d696c793a42697473747265616d20566572612053616e73220a202020783d22342e32373333353037220a202020793d2234392e303531333233220a20202069643d227465787433303139220a202020736f6469706f64693a6c696e6573706163696e673d2231323525223e3c747370616e0a2020202020736f6469706f64693a726f6c653d226c696e65220a202020202069643d22747370616e33303231220a2020202020783d22342e32373333353037220a2020202020793d2234392e303531333233220a20202020207374796c653d22666f6e742d73697a653a33382e343030303031353239393939393937323770783b666f6e742d7374796c653a6974616c69633b666f6e742d76617269616e743a6e6f726d616c3b666f6e742d7765696768743a626f6c643b666f6e742d737472657463683a6e6f726d616c3b666f6e742d66616d696c793a555257204368616e63657279204c3b2d696e6b73636170652d666f6e742d73706563696669636174696f6e3a555257204368616e63657279204c20426f6c64204974616c69633b66696c6c3a236466303030303b66696c6c2d6f7061636974793a31223e6f3c2f747370616e3e3c2f746578743e0a0a0a0a0a3c746578740a202020786d6c3a73706163653d227072657365727665220a2020207374796c653d22666f6e742d73697a653a333270783b666f6e742d7374796c653a6e6f726d616c3b666f6e742d7765696768743a6e6f726d616c3b6c696e652d6865696768743a313235253b6c65747465722d73706163696e673a3070783b776f72642d73706163696e673a3070783b66696c6c3a236466303030303b66696c6c2d6f7061636974793a313b7374726f6b653a6e6f6e653b666f6e742d66616d696c793a42697473747265616d20566572612053616e73220a202020783d22322e36323937353438220a202020793d2237362e393932343632220a20202069643d227465787433303233220a202020736f6469706f64693a6c696e6573706163696e673d2231323525223e3c747370616e0a2020202020736f6469706f64693a726f6c653d226c696e65220a202020202069643d22747370616e33303235220a2020202020783d22322e36323937353438220a2020202020793d2237362e393932343632220a20202020207374796c653d22666f6e742d73697a653a33382e343030303031353239393939393937323770783b666f6e742d7374796c653a6974616c69633b666f6e742d76617269616e743a6e6f726d616c3b666f6e742d7765696768743a626f6c643b666f6e742d737472657463683a6e6f726d616c3b666f6e742d66616d696c793a555257204368616e63657279204c3b2d696e6b73636170652d666f6e742d73706563696669636174696f6e3a555257204368616e63657279204c20426f6c64204974616c69633b66696c6c3a236466303030303b66696c6c2d6f7061636974793a31223e6b3c2f747370616e3e3c2f746578743e0a0a0a0a0a3c746578740a202020786d6c3a73706163653d227072657365727665220a2020207374796c653d22666f6e742d73697a653a333270783b666f6e742d7374796c653a6e6f726d616c3b666f6e742d7765696768743a6e6f726d616c3b6c696e652d6865696768743a313235253b6c65747465722d73706163696e673a3070783b776f72642d73706163696e673a3070783b66696c6c3a236466303030303b66696c6c2d6f7061636974793a313b7374726f6b653a6e6f6e653b666f6e742d66616d696c793a42697473747265616d20566572612053616e73220a202020783d22322e36323937353533220a202020793d2239392e333435333833220a20202069643d227465787433303237220a202020736f6469706f64693a6c696e6573706163696e673d2231323525223e3c747370616e0a2020202020736f6469706f64693a726f6c653d226c696e65220a202020202069643d22747370616e33303239220a2020202020783d22322e36323937353533220a2020202020793d2239392e333435333833220a20202020207374796c653d22666f6e742d73697a653a33382e343030303031353239393939393937323770783b666f6e742d7374796c653a6974616c69633b666f6e742d76617269616e743a6e6f726d616c3b666f6e742d7765696768743a626f6c643b666f6e742d737472657463683a6e6f726d616c3b666f6e742d66616d696c793a555257204368616e63657279204c3b2d696e6b73636170652d666f6e742d73706563696669636174696f6e3a555257204368616e63657279204c20426f6c64204974616c69633b66696c6c3a236466303030303b66696c6c2d6f7061636974793a31223e653c2f747370616e3e3c2f746578743e0a0a0a0a0a3c746578740a202020786d6c3a73706163653d227072657365727665220a2020207374796c653d22666f6e742d73697a653a333270783b666f6e742d7374796c653a6e6f726d616c3b666f6e742d7765696768743a6e6f726d616c3b6c696e652d6865696768743a313235253b6c65747465722d73706163696e673a3070783b776f72642d73706163696e673a3070783b66696c6c3a236466303030303b66696c6c2d6f7061636974793a313b7374726f6b653a6e6f6e653b666f6e742d66616d696c793a42697473747265616d20566572612053616e73220a202020783d22322e33303130333539220a202020793d223132302e33383334220a20202069643d227465787433303331220a202020736f6469706f64693a6c696e6573706163696e673d2231323525223e3c747370616e0a2020202020736f6469706f64693a726f6c653d226c696e65220a202020202069643d22747370616e33303333220a2020202020783d22322e33303130333539220a2020202020793d223132302e33383334220a20202020207374796c653d22666f6e742d73697a653a33382e343030303031353239393939393937323770783b666f6e742d7374796c653a6974616c69633b666f6e742d76617269616e743a6e6f726d616c3b666f6e742d7765696768743a626f6c643b666f6e742d737472657463683a6e6f726d616c3b666f6e742d66616d696c793a555257204368616e63657279204c3b2d696e6b73636170652d666f6e742d73706563696669636174696f6e3a555257204368616e63657279204c20426f6c64204974616c69633b66696c6c3a236466303030303b66696c6c2d6f7061636974793a31223e723c2f747370616e3e3c2f746578743e0a0a0a0a0a3c670a2020207472616e73666f726d3d226d617472697828322e3337343337382c2d322e3337343337382c322e323232313931382c322e323232313931382c35392e3338333532332c39352e36333534323129220a20202069643d226c61796572312d39223e3c706174680a20202020207374796c653d2266696c6c3a23646630303030220a2020202020696e6b73636170653a636f6e6e6563746f722d6375727661747572653d2230220a202020202069643d22686c220a2020202020643d224d20332e3637362c2d39204320302e3433332c2d3920302c2d352e35323320302c2d352e35323320302c2d352e353233202d302e3433332c2d39202d332e3637362c2d39202d352e3934362c2d39202d382c2d372e343431202d382c2d342e35202d382c2d302e363134202d312e343230383439332c332e3239333831343120302c3920312e33353230312c332e3239383539363920382c2d302e36313420382c2d342e3520382c2d372e34343120352e3934362c2d3920332e3637362c2d39207a220a2020202020736f6469706f64693a6e6f646574797065733d227363737363737322202f3e3c2f673e3c670a2020207472616e73666f726d3d226d6174726978282d322e3134353735342c2d322e3134353735342c322e3134353735342c2d322e3134353735342c3131302e31393837382c3330352e373738343729220a20202069643d226c61796572312d31223e3c706174680a202020202069643d22636c220a2020202020643d226d2035302e3239313436362c32322e363938323238206320302c3020322e3337352c2d312e3920322e3337352c2d342e35333420302c2d312e353432202d312e3336392c2d342e313032202d342e3533342c2d342e313032202d332e3136352c30202d342e3533342c322e353631202d342e3533342c342e31303220302c322e36333420322e3337352c342e35333420322e3337352c342e353334202d322e3633382c2d322e303535202d372e3334312c2d302e363532202d372e3334312c332e34353520302c322e30353620312e36382c342e33313820342e3331382c342e33313820332e3136352c3020342e3533342c2d332e34353520342e3533342c2d332e34353520302c3020302e3430322c332e393338202d312e3934332c362e303436206820352e3138322063202d322e3334352c2d322e313037202d312e3934332c2d362e303436202d312e3934332c2d362e30343620302c3020312e3336392c332e34353520342e3533342c332e34353520322e3633392c3020342e3331382c2d322e32363320342e3331382c2d342e33313820302c2d342e313037202d342e3730332c2d352e3531202d372e3334312c2d332e343535207a220a2020202020696e6b73636170653a636f6e6e6563746f722d6375727661747572653d2230220a20202020207374796c653d2266696c6c3a2330303030303022202f3e3c2f673e3c670a2020207472616e73666f726d3d226d617472697828322e3233353031342c2d322e3233353031342c322e3233353031342c322e3233353031342c3131372e37383933362c3135362e313637303729220a20202069643d226c61796572312d32223e3c706174680a20202020207374796c653d2266696c6c3a23646630303030220a2020202020696e6b73636170653a636f6e6e6563746f722d6375727661747572653d2230220a202020202069643d22646c220a2020202020643d224d20332e323433333237342c2d342e37323533323734204320312e313236333237342c2d372e3538393332373420302c2d31302e3520302c2d31302e35206320302c30202d312e313236333237342c322e39313036373236202d332e323433333237342c352e373734363732362043202d352e333631333237342c2d312e38363233323734202d382c30202d382c30202d382c30202d352e333631333237342c312e38363133323734202d332e323433333237342c342e37323633323734202d312e313236333237342c372e3538393332373420302c31302e3520302c31302e3520302c31302e3520312e313236333237342c372e3538393332373420332e323433333237342c342e3732363332373420352e333631333237342c312e3836313332373420382c3020382c3020382c3020352e333631333237342c2d312e3836323332373420332e323433333237342c2d342e37323533323734207a220a2020202020736f6469706f64693a6e6f646574797065733d2263636363636363636322202f3e3c2f673e0a0a0a0a0a0a0a0a0a0a3c746578740a202020786d6c3a73706163653d227072657365727665220a2020207374796c653d22666f6e742d73697a653a333270783b666f6e742d7374796c653a6e6f726d616c3b666f6e742d7765696768743a6e6f726d616c3b6c696e652d6865696768743a313235253b6c65747465722d73706163696e673a3070783b776f72642d73706163696e673a3070783b66696c6c3a236466303030303b66696c6c2d6f7061636974793a313b7374726f6b653a6e6f6e653b666f6e742d66616d696c793a42697473747265616d20566572612053616e73220a202020783d222d3136332e3731353939220a202020793d222d3231352e3030313935220a20202069643d2274657874333738382d38220a202020736f6469706f64693a6c696e6573706163696e673d2231323525220a2020207472616e73666f726d3d227363616c65282d312c2d3129223e3c747370616e0a2020202020736f6469706f64693a726f6c653d226c696e65220a202020202069643d22747370616e333739302d38220a2020202020783d222d3136332e3731353939220a2020202020793d222d3231352e3030313935220a20202020207374796c653d22666f6e742d7374796c653a6974616c69633b666f6e742d76617269616e743a6e6f726d616c3b666f6e742d7765696768743a626f6c643b666f6e742d737472657463683a6e6f726d616c3b666f6e742d66616d696c793a4c4d4d61746853796d626f6c73393b2d696e6b73636170652d666f6e742d73706563696669636174696f6e3a4c4d4d61746853796d626f6c733920426f6c64204974616c69633b66696c6c3a236466303030303b66696c6c2d6f7061636974793a31223e4a3c2f747370616e3e3c2f746578743e0a0a0a3c746578740a202020786d6c3a73706163653d227072657365727665220a2020207374796c653d22666f6e742d73697a653a333270783b666f6e742d7374796c653a6e6f726d616c3b666f6e742d7765696768743a6e6f726d616c3b6c696e652d6865696768743a313235253b6c65747465722d73706163696e673a3070783b776f72642d73706163696e673a3070783b66696c6c3a236466303030303b66696c6c2d6f7061636974793a313b7374726f6b653a6e6f6e653b666f6e742d66616d696c793a42697473747265616d20566572612053616e73220a202020783d222d3136332e3338373237220a202020793d222d3139332e3330363437220a20202069643d2274657874333031392d34220a202020736f6469706f64693a6c696e6573706163696e673d2231323525220a2020207472616e73666f726d3d227363616c65282d312c2d3129223e3c747370616e0a2020202020736f6469706f64693a726f6c653d226c696e65220a202020202069643d22747370616e333032312d33220a2020202020783d222d3136332e3338373237220a2020202020793d222d3139332e3330363437220a20202020207374796c653d22666f6e742d73697a653a33382e343030303031353239393939393937323770783b666f6e742d7374796c653a6974616c69633b666f6e742d76617269616e743a6e6f726d616c3b666f6e742d7765696768743a626f6c643b666f6e742d737472657463683a6e6f726d616c3b666f6e742d66616d696c793a555257204368616e63657279204c3b2d696e6b73636170652d666f6e742d73706563696669636174696f6e3a555257204368616e63657279204c20426f6c64204974616c69633b66696c6c3a236466303030303b66696c6c2d6f7061636974793a31223e6f3c2f747370616e3e3c2f746578743e0a0a0a3c746578740a202020786d6c3a73706163653d227072657365727665220a2020207374796c653d22666f6e742d73697a653a333270783b666f6e742d7374796c653a6e6f726d616c3b666f6e742d7765696768743a6e6f726d616c3b6c696e652d6865696768743a313235253b6c65747465722d73706163696e673a3070783b776f72642d73706163696e673a3070783b66696c6c3a236466303030303b66696c6c2d6f7061636974793a313b7374726f6b653a6e6f6e653b666f6e742d66616d696c793a42697473747265616d20566572612053616e73220a202020783d222d3136352e3033303835220a202020793d222d3136352e3336353333220a20202069643d2274657874333032332d31220a202020736f6469706f64693a6c696e6573706163696e673d2231323525220a2020207472616e73666f726d3d227363616c65282d312c2d3129223e3c747370616e0a2020202020736f6469706f64693a726f6c653d226c696e65220a202020202069643d22747370616e333032352d34220a2020202020783d222d3136352e3033303835220a2020202020793d222d3136352e3336353333220a20202020207374796c653d22666f6e742d73697a653a33382e343030303031353239393939393937323770783b666f6e742d7374796c653a6974616c69633b666f6e742d76617269616e743a6e6f726d616c3b666f6e742d7765696768743a626f6c643b666f6e742d737472657463683a6e6f726d616c3b666f6e742d66616d696c793a555257204368616e63657279204c3b2d696e6b73636170652d666f6e742d73706563696669636174696f6e3a555257204368616e63657279204c20426f6c64204974616c69633b66696c6c3a236466303030303b66696c6c2d6f7061636974793a31223e6b3c2f747370616e3e3c2f746578743e0a0a0a3c746578740a202020786d6c3a73706163653d227072657365727665220a2020207374796c653d22666f6e742d73697a653a333270783b666f6e742d7374796c653a6e6f726d616c3b666f6e742d7765696768743a6e6f726d616c3b6c696e652d6865696768743a313235253b6c65747465722d73706163696e673a3070783b776f72642d73706163696e673a3070783b66696c6c3a236466303030303b66696c6c2d6f7061636974793a313b7374726f6b653a6e6f6e653b666f6e742d66616d696c793a42697473747265616d20566572612053616e73220a202020783d222d3136352e3033303835220a202020793d222d3134332e3031323431220a20202069643d2274657874333032372d39220a202020736f6469706f64693a6c696e6573706163696e673d2231323525220a2020207472616e73666f726d3d227363616c65282d312c2d3129223e3c747370616e0a2020202020736f6469706f64693a726f6c653d226c696e65220a202020202069643d22747370616e333032392d32220a2020202020783d222d3136352e3033303835220a2020202020793d222d3134332e3031323431220a20202020207374796c653d22666f6e742d73697a653a33382e343030303031353239393939393937323770783b666f6e742d7374796c653a6974616c69633b666f6e742d76617269616e743a6e6f726d616c3b666f6e742d7765696768743a626f6c643b666f6e742d737472657463683a6e6f726d616c3b666f6e742d66616d696c793a555257204368616e63657279204c3b2d696e6b73636170652d666f6e742d73706563696669636174696f6e3a555257204368616e63657279204c20426f6c64204974616c69633b66696c6c3a236466303030303b66696c6c2d6f7061636974793a31223e653c2f747370616e3e3c2f746578743e0a0a0a3c746578740a202020786d6c3a73706163653d227072657365727665220a2020207374796c653d22666f6e742d73697a653a333270783b666f6e742d7374796c653a6e6f726d616c3b666f6e742d7765696768743a6e6f726d616c3b6c696e652d6865696768743a313235253b6c65747465722d73706163696e673a3070783b776f72642d73706163696e673a3070783b66696c6c3a236466303030303b66696c6c2d6f7061636974793a313b7374726f6b653a6e6f6e653b666f6e742d66616d696c793a42697473747265616d20566572612053616e73220a202020783d222d3136352e3335393537220a202020793d222d3132312e3937343339220a20202069643d2274657874333033312d30220a202020736f6469706f64693a6c696e6573706163696e673d2231323525220a2020207472616e73666f726d3d227363616c65282d312c2d3129223e3c747370616e0a2020202020736f6469706f64693a726f6c653d226c696e65220a202020202069643d22747370616e333033332d36220a2020202020783d222d3136352e3335393537220a2020202020793d222d3132312e3937343339220a20202020207374796c653d22666f6e742d73697a653a33382e343030303031353239393939393937323770783b666f6e742d7374796c653a6974616c69633b666f6e742d76617269616e743a6e6f726d616c3b666f6e742d7765696768743a626f6c643b666f6e742d737472657463683a6e6f726d616c3b666f6e742d66616d696c793a555257204368616e63657279204c3b2d696e6b73636170652d666f6e742d73706563696669636174696f6e3a555257204368616e63657279204c20426f6c64204974616c69633b66696c6c3a236466303030303b66696c6c2d6f7061636974793a31223e723c2f747370616e3e3c2f746578743e0a0a0a3c2f7376673e0a),
(2, 'Krzysztof K.', 'ksiek17@console.blog', 0x3c3f786d6c2076657273696f6e3d22312e302220656e636f64696e673d225554462d3822207374616e64616c6f6e653d226e6f223f3e0a0a3c212d2d20687474703a2f2f636f64652e676f6f676c652e636f6d2f702f766563746f722d706c6179696e672d63617264732f202d2d3e0a0a3c7376670a202020786d6c6e733a64633d22687474703a2f2f7075726c2e6f72672f64632f656c656d656e74732f312e312f220a202020786d6c6e733a63633d22687474703a2f2f6372656174697665636f6d6d6f6e732e6f72672f6e7323220a202020786d6c6e733a7264663d22687474703a2f2f7777772e77332e6f72672f313939392f30322f32322d7264662d73796e7461782d6e7323220a202020786d6c6e733a7376673d22687474703a2f2f7777772e77332e6f72672f323030302f737667220a202020786d6c6e733d22687474703a2f2f7777772e77332e6f72672f323030302f737667220a202020786d6c6e733a786c696e6b3d22687474703a2f2f7777772e77332e6f72672f313939392f786c696e6b220a202020786d6c6e733a736f6469706f64693d22687474703a2f2f736f6469706f64692e736f75726365666f7267652e6e65742f4454442f736f6469706f64692d302e647464220a202020786d6c6e733a696e6b73636170653d22687474703a2f2f7777772e696e6b73636170652e6f72672f6e616d657370616365732f696e6b7363617065220a20202077696474683d223136372e303836393134317074220a2020206865696768743d223234322e363636393932327074220a20202076696577426f783d22302030203136372e30383639313431203234322e36363639393232220a202020786d6c3a73706163653d227072657365727665220a20202069643d2273766732220a20202076657273696f6e3d22312e31220a202020696e6b73636170653a76657273696f6e3d22302e34382e30207239363534220a202020736f6469706f64693a646f636e616d653d224b5f6f665f636c7562732e737667220a202020696e6b73636170653a6578706f72742d66696c656e616d653d222f686f6d652f6279726f6e2f6172742f63617264732f66696e616c2f504e47732f4b5f6f665f636c7562732e706e67220a202020696e6b73636170653a6578706f72742d786470693d223231352e3434373932220a202020696e6b73636170653a6578706f72742d796470693d223231352e3434373932223e3c6d657461646174610a20202069643d226d657461646174613433223e3c7264663a5244463e3c63633a576f726b0a202020202020207264663a61626f75743d22223e3c64633a666f726d61743e696d6167652f7376672b786d6c3c2f64633a666f726d61743e3c64633a747970650a2020202020202020207264663a7265736f757263653d22687474703a2f2f7075726c2e6f72672f64632f64636d69747970652f5374696c6c496d61676522202f3e3c64633a7469746c653e3c2f64633a7469746c653e3c2f63633a576f726b3e3c2f7264663a5244463e3c2f6d657461646174613e3c646566730a20202069643d22646566733431223e3c72616469616c4772616469656e740a2020202020696e6b73636170653a636f6c6c6563743d22616c77617973220a2020202020786c696e6b3a687265663d22236c696e6561724772616469656e7432393834220a202020202069643d2272616469616c4772616469656e7433373630220a202020202063783d2234382e323331303931220a202020202063793d2231382e313337383832220a202020202066783d2234382e323331303931220a202020202066793d2231382e313337383832220a2020202020723d22392e35220a20202020206772616469656e74556e6974733d227573657253706163654f6e557365220a20202020206772616469656e745472616e73666f726d3d226d6174726978282d312e353630353235362c302e30313832383239342c2d302e30323638343035352c2d322e323930393532382c3132332e39383337372c35382e3830393130382922202f3e3c6c696e6561724772616469656e740a202020202069643d226c696e6561724772616469656e7432393834223e3c73746f700a202020202020207374796c653d2273746f702d636f6c6f723a233030303030303b73746f702d6f7061636974793a313b220a202020202020206f66667365743d2230220a2020202020202069643d2273746f703239383622202f3e3c73746f700a202020202020207374796c653d2273746f702d636f6c6f723a233030303030303b73746f702d6f7061636974793a302e36353634383835343b220a202020202020206f66667365743d2231220a2020202020202069643d2273746f703239383822202f3e3c2f6c696e6561724772616469656e743e3c72616469616c4772616469656e740a2020202020696e6b73636170653a636f6c6c6563743d22616c77617973220a2020202020786c696e6b3a687265663d22236c696e6561724772616469656e7433373834220a202020202069643d2272616469616c4772616469656e7433373932220a202020202063783d223137312e3438363635220a202020202063793d223531312e3232323939220a202020202066783d223137312e3438363635220a202020202066793d223531312e3232323939220a2020202020723d2238312e393032373731220a20202020206772616469656e745472616e73666f726d3d226d617472697828312e313532393839312c2d302e36373339313534372c302e33393438323032352c302e36373534393034332c2d3233332e36333236322c3237302e343030373629220a20202020206772616469656e74556e6974733d227573657253706163654f6e55736522202f3e3c6c696e6561724772616469656e740a202020202069643d226c696e6561724772616469656e7433373834223e3c73746f700a202020202020207374796c653d2273746f702d636f6c6f723a236666666666663b73746f702d6f7061636974793a302e35333433353131373b220a202020202020206f66667365743d2230220a2020202020202069643d2273746f703337383622202f3e3c73746f700a202020202020207374796c653d2273746f702d636f6c6f723a233030303030303b73746f702d6f7061636974793a303b220a202020202020206f66667365743d2231220a2020202020202069643d2273746f703337383822202f3e3c2f6c696e6561724772616469656e743e3c66696c7465720a2020202020636f6c6f722d696e746572706f6c6174696f6e2d66696c746572733d2273524742220a2020202020696e6b73636170653a636f6c6c6563743d22616c77617973220a202020202069643d2266696c74657233383334220a2020202020783d222d302e3133393334343431220a202020202077696474683d22312e32373836383838220a2020202020793d222d302e3136323432303138220a20202020206865696768743d22312e33323438343034223e3c6665476175737369616e426c75720a20202020202020696e6b73636170653a636f6c6c6563743d22616c77617973220a20202020202020737464446576696174696f6e3d22392e35313035373732220a2020202020202069643d226665476175737369616e426c75723338333622202f3e3c2f66696c7465723e3c72616469616c4772616469656e740a2020202020723d2238312e393032373731220a202020202066793d223531312e3232323939220a202020202066783d223137312e3438363635220a202020202063793d223531312e3232323939220a202020202063783d223137312e3438363635220a20202020206772616469656e745472616e73666f726d3d226d617472697828312e313532393839312c2d302e36373339313534372c302e33393438323032352c302e36373534393034332c2d3233332e36333236322c3237302e343030373629220a20202020206772616469656e74556e6974733d227573657253706163654f6e557365220a202020202069643d2272616469616c4772616469656e7433383535220a2020202020786c696e6b3a687265663d22236c696e6561724772616469656e74333738342d34220a2020202020696e6b73636170653a636f6c6c6563743d22616c7761797322202f3e3c6c696e6561724772616469656e740a202020202069643d226c696e6561724772616469656e74333738342d34223e3c73746f700a202020202020207374796c653d2273746f702d636f6c6f723a236666666666663b73746f702d6f7061636974793a302e35313930383339383b220a202020202020206f66667365743d2230220a2020202020202069643d2273746f70333738362d3822202f3e3c73746f700a202020202020207374796c653d2273746f702d636f6c6f723a233030303030303b73746f702d6f7061636974793a303b220a202020202020206f66667365743d2231220a2020202020202069643d2273746f70333738382d3622202f3e3c2f6c696e6561724772616469656e743e3c66696c7465720a2020202020636f6c6f722d696e746572706f6c6174696f6e2d66696c746572733d2273524742220a2020202020696e6b73636170653a636f6c6c6563743d22616c77617973220a202020202069643d2266696c746572333833342d36220a2020202020783d222d302e3133393334343431220a202020202077696474683d22312e32373836383838220a2020202020793d222d302e3136323432303138220a20202020206865696768743d22312e33323438343034223e3c6665476175737369616e426c75720a20202020202020696e6b73636170653a636f6c6c6563743d22616c77617973220a20202020202020737464446576696174696f6e3d22392e35313035373732220a2020202020202069643d226665476175737369616e426c7572333833362d3622202f3e3c2f66696c7465723e3c72616469616c4772616469656e740a2020202020723d2238312e393032373731220a202020202066793d223436312e3834313133220a202020202066783d223138312e3639333932220a202020202063793d223436312e3834313133220a202020202063783d223138312e3639333932220a20202020206772616469656e745472616e73666f726d3d226d617472697828312e313532393839312c2d302e36373339313534372c302e33393438323032352c302e36373534393034332c2d3233332e36333236322c3237302e343030373629220a20202020206772616469656e74556e6974733d227573657253706163654f6e557365220a202020202069643d2272616469616c4772616469656e7433393136220a2020202020786c696e6b3a687265663d22236c696e6561724772616469656e74333738342d33220a2020202020696e6b73636170653a636f6c6c6563743d22616c7761797322202f3e3c6c696e6561724772616469656e740a202020202069643d226c696e6561724772616469656e74333738342d33223e3c73746f700a202020202020207374796c653d2273746f702d636f6c6f723a236666666666663b73746f702d6f7061636974793a302e37303232393030363b220a202020202020206f66667365743d2230220a2020202020202069643d2273746f70333738362d383622202f3e3c73746f700a202020202020207374796c653d2273746f702d636f6c6f723a233030303030303b73746f702d6f7061636974793a303b220a202020202020206f66667365743d2231220a2020202020202069643d2273746f70333738382d3222202f3e3c2f6c696e6561724772616469656e743e3c66696c7465720a2020202020636f6c6f722d696e746572706f6c6174696f6e2d66696c746572733d2273524742220a2020202020696e6b73636170653a636f6c6c6563743d22616c77617973220a202020202069643d2266696c746572333833342d37220a2020202020783d222d302e3133393334343431220a202020202077696474683d22312e32373836383838220a2020202020793d222d302e3136323432303138220a20202020206865696768743d22312e33323438343034223e3c6665476175737369616e426c75720a20202020202020696e6b73636170653a636f6c6c6563743d22616c77617973220a20202020202020737464446576696174696f6e3d22392e35313035373732220a2020202020202069643d226665476175737369616e426c7572333833362d3022202f3e3c2f66696c7465723e3c2f646566733e3c736f6469706f64693a6e616d6564766965770a20202070616765636f6c6f723d2223666666666666220a202020626f72646572636f6c6f723d2223363636363636220a202020626f726465726f7061636974793d2231220a2020206f626a656374746f6c6572616e63653d223130220a20202067726964746f6c6572616e63653d223130220a2020206775696465746f6c6572616e63653d223130220a202020696e6b73636170653a706167656f7061636974793d2230220a202020696e6b73636170653a70616765736861646f773d2232220a202020696e6b73636170653a77696e646f772d77696474683d2231363830220a202020696e6b73636170653a77696e646f772d6865696768743d22393737220a20202069643d226e616d6564766965773339220a20202073686f77677269643d2266616c7365220a202020696e6b73636170653a7a6f6f6d3d22322e34333336383733220a202020696e6b73636170653a63783d223138382e3731353331220a202020696e6b73636170653a63793d223134382e3136363836220a202020696e6b73636170653a77696e646f772d783d2230220a202020696e6b73636170653a77696e646f772d793d223235220a202020696e6b73636170653a77696e646f772d6d6178696d697a65643d2231220a202020696e6b73636170653a63757272656e742d6c617965723d227376673222202f3e0a093c670a20202069643d224c617965725f78303032305f31220a2020207374796c653d2266696c6c2d72756c653a6e6f6e7a65726f3b636c69702d72756c653a6e6f6e7a65726f3b7374726f6b653a233030303030303b7374726f6b652d6d697465726c696d69743a343b223e0a09093c706174680a2020207374796c653d2266696c6c3a234646464646463b7374726f6b652d77696474683a302e353b220a202020643d224d3136362e383336393134312c3233352e3534373835313663302c332e373737333433382d332e303836393134312c362e383639313430362d362e383731303933382c362e3836393134303648372e31313038333938632d332e373734393032332c302d362e383630383339382d332e303931373936392d362e383630383339382d362e3836393134303656372e3132303131373243302e32352c332e333432373733342c332e333335393337352c302e32352c372e313130383339382c302e3235683135322e383534393830352020202063332e373834313739372c302c362e383731303933382c332e303932373733342c362e383731303933382c362e38373031313732763232382e343237373334347a220a20202069643d22706174683522202f3e0a09093c670a2020207374796c653d227374726f6b653a6e6f6e653b220a20202069643d226737223e0a0909093c670a20202069643d226739223e0a090909090a0909093c2f673e0a0909090a09093c2f673e0a09093c670a20202069643d22673135223e0a0909090a09093c2f673e0a09093c670a20202069643d22673139223e0a0909090a09093c2f673e0a09093c670a2020207374796c653d227374726f6b653a6e6f6e653b220a20202069643d22673233223e0a0909093c670a20202069643d22673235223e0a090909090a0909093c2f673e0a0909090a09093c2f673e0a09093c670a2020207374796c653d227374726f6b653a6e6f6e653b220a20202069643d22673331223e0a0909093c670a20202069643d22673333223e0a090909090a0909093c2f673e0a0909090a09093c2f673e0a093c2f673e0a3c746578740a202020786d6c3a73706163653d227072657365727665220a2020207374796c653d22666f6e742d73697a653a333270783b666f6e742d7374796c653a6e6f726d616c3b666f6e742d7765696768743a6e6f726d616c3b6c696e652d6865696768743a313235253b6c65747465722d73706163696e673a3070783b776f72642d73706163696e673a3070783b66696c6c3a233030303030303b66696c6c2d6f7061636974793a313b7374726f6b653a6e6f6e653b666f6e742d66616d696c793a42697473747265616d20566572612053616e73220a202020783d22362e37313035343535220a202020793d2232372e353438343039220a20202069643d227465787433373838220a202020736f6469706f64693a6c696e6573706163696e673d2231323525223e3c747370616e0a2020202020736f6469706f64693a726f6c653d226c696e65220a202020202069643d22747370616e33373930220a2020202020783d22362e37313035343535220a2020202020793d2232372e353438343039220a20202020207374796c653d22666f6e742d7374796c653a6e6f726d616c3b666f6e742d76617269616e743a6e6f726d616c3b666f6e742d7765696768743a6e6f726d616c3b666f6e742d737472657463683a6e6f726d616c3b666f6e742d66616d696c793a417269616c3b2d696e6b73636170652d666f6e742d73706563696669636174696f6e3a417269616c223e4b3c2f747370616e3e3c2f746578743e0a0a0a0a3c670a2020207472616e73666f726d3d226d617472697828302e32303631343539392c302c302c302e32303631343539392c382e383730353436332c31362e35313237353929220a20202069643d226733383034223e3c670a202020202069643d226c61796572312d31220a20202020207472616e73666f726d3d226d61747269782832382e3936393932352c302c302c32382e3936393932352c2d313033312e353336382c2d3138372e333736363529223e3c706174680a202020202020207374796c653d2266696c6c3a75726c282372616469616c4772616469656e7433373630293b66696c6c2d6f7061636974793a31220a20202020202020696e6b73636170653a636f6e6e6563746f722d6375727661747572653d2230220a20202020202020643d226d2035302e3239313436362c32322e363938323238206320302c3020322e3337352c2d312e3920322e3337352c2d342e35333420302c2d312e353432202d312e3336392c2d342e313032202d342e3533342c2d342e313032202d332e3136352c30202d342e3533342c322e353631202d342e3533342c342e31303220302c322e36333420322e3337352c342e35333420322e3337352c342e353334202d322e3633382c2d322e303535202d372e3334312c2d302e363532202d372e3334312c332e34353520302c322e30353620312e36382c342e33313820342e3331382c342e33313820332e3136352c3020342e3533342c2d332e34353520342e3533342c2d332e34353520302c3020302e3430322c332e393338202d312e3934332c362e303436206820352e3138322063202d322e3334352c2d322e313037202d312e3934332c2d362e303436202d312e3934332c2d362e30343620302c3020312e3336392c332e34353520342e3533342c332e34353520322e3633392c3020342e3331382c2d322e32363320342e3331382c2d342e33313820302c2d342e313037202d342e3730332c2d352e3531202d372e3334312c2d332e343535207a220a2020202020202069643d22636c22202f3e3c2f673e3c706174680a20202020207472616e73666f726d3d226d617472697828312e313039313236312c302c302c312e323037313638372c2d33372e3334393134392c2d3131312e333432323729220a2020202020736f6469706f64693a6e6f646574797065733d226373637363220a2020202020696e6b73636170653a636f6e6e6563746f722d6375727661747572653d2230220a202020202069643d227061746833373632220a2020202020643d226d203131372e333031332c3630342e3236363039206320302c30202d382e30363735352c2d39342e39343939372032322e38353731352c2d3132322e38353731342033342e37363035322c2d33312e3336383731203134302c2d31312e3432383537203134302c2d31312e343238353720302c30202d37312e353430342c32342e3833373632202d3130302c34382e3537313433202d32372e32313033332c32322e3639313939202d36322e38353731352c38352e3731343238202d36322e38353731352c38352e3731343238207a220a20202020207374796c653d2266696c6c3a75726c282372616469616c4772616469656e7433373932293b66696c6c2d6f7061636974793a313b7374726f6b653a6e6f6e653b66696c7465723a75726c282366696c746572333833342922202f3e3c706174680a20202020207472616e73666f726d3d226d617472697828312e313039313236312c302c302c312e323037313638372c3131372e323532332c2d3333322e323635343529220a2020202020736f6469706f64693a6e6f646574797065733d226373637363220a2020202020696e6b73636170653a636f6e6e6563746f722d6375727661747572653d2230220a202020202069643d2270617468333736322d36220a2020202020643d226d203131372e333031332c3630342e3236363039206320302c30202d382e30363735352c2d39342e39343939372032322e38353731352c2d3132322e38353731342033342e37363035322c2d33312e3336383731203134302c2d31312e3432383537203134302c2d31312e343238353720302c30202d37312e353430342c32342e3833373632202d3130302c34382e3537313433202d32372e32313033332c32322e3639313939202d36322e38353731352c38352e3731343238202d36322e38353731352c38352e3731343238207a220a20202020207374796c653d2266696c6c3a75726c282372616469616c4772616469656e7433383535293b66696c6c2d6f7061636974793a313b7374726f6b653a6e6f6e653b66696c7465723a75726c282366696c746572333833342d362922202f3e3c706174680a20202020207472616e73666f726d3d226d617472697828312e313432303338342c302e373032393038342c2d302e38343138383438322c312e3336373833382c3732392e33373138372c2d3330352e303734363629220a2020202020736f6469706f64693a6e6f646574797065733d226373637363220a2020202020696e6b73636170653a636f6e6e6563746f722d6375727661747572653d2230220a202020202069643d2270617468333736322d37220a2020202020643d226d203131372e333031332c3630342e3236363039206320302c30202d382e30363735352c2d39342e39343939372032322e38353731352c2d3132322e38353731342033342e37363035322c2d33312e3336383731203134302c2d31312e3432383537203134302c2d31312e343238353720302c30202d37312e353430342c32342e3833373632202d3130302c34382e3537313433202d32372e32313033332c32322e3639313939202d36322e38353731352c38352e3731343238202d36322e38353731352c38352e3731343238207a220a20202020207374796c653d2266696c6c3a75726c282372616469616c4772616469656e7433393136293b66696c6c2d6f7061636974793a313b7374726f6b653a6e6f6e653b66696c7465723a75726c282366696c746572333833342d372922202f3e3c706174680a202020202069643d227265637433303135220a2020202020643d226d2032382e3335353533322c3132322e303235323220302c3733342e3238313235203636372e3135363234382c3020302c2d3733342e3238313235202d3636372e3135363234382c30207a206d203333342e3238313235382c39372e36323520632039312e36383937392c30203133312e33373439392c37342e3137323133203133312e33373439392c3131382e383433373520302c37362e3330363738202d36382e383132352c3133312e3334333735202d36382e383132352c3133312e33343337352037362e34323236362c2d35392e35333332203231322e36353632352c2d31382e3838353733203231322e36353632352c3130302e303933373520302c35392e35333332202d34382e36343231312c3132352e3039333735202d3132352e30393337352c3132352e3039333735202d39312e36383938322c30202d3133312e33343337342c2d3130302e3039333735202d3133312e33343337342c2d3130302e303933373520302c30202d31312e36353332322c3131342e31313636322035362e32383132342c3137352e3135363235206c202d3135302e31323439392c3020632036372e39333434372c2d36312e303638362035362e333132352c2d3137352e31353632352035362e333132352c2d3137352e313536323520302c30202d33392e36353339342c3130302e3039333735202d3133312e33343337352c3130302e3039333735202d37362e34323236362c30202d3132352e3039333735382c2d36352e3533313538202d3132352e3039333735382c2d3132352e303933373520302c2d3131382e3937393438203133362e3233333539382c2d3135392e3632363935203231322e3635363235382c2d3130302e303933373520302c30202d36382e383132352c2d35352e3033363937202d36382e383132352c2d3133312e333433373520302c2d34342e36343236352033392e36353339342c2d3131382e3834333735203133312e33343337352c2d3131382e3834333735207a220a20202020207374796c653d2266696c6c3a236666666566663b66696c6c2d6f7061636974793a313b66696c6c2d72756c653a6e6f6e7a65726f3b7374726f6b653a6e6f6e65220a2020202020696e6b73636170653a636f6e6e6563746f722d6375727661747572653d223022202f3e3c2f673e3c670a2020207472616e73666f726d3d226d617472697828312e343835363530362c302c302c312e343835363530362c2d35342e3032343636312c31302e30313830373229220a20202069643d226c61796572312d312d34223e3c706174680a202020202069643d22636c2d39220a2020202020643d226d2035302e3239313436362c32322e363938323238206320302c3020322e3337352c2d312e3920322e3337352c2d342e35333420302c2d312e353432202d312e3336392c2d342e313032202d342e3533342c2d342e313032202d332e3136352c30202d342e3533342c322e353631202d342e3533342c342e31303220302c322e36333420322e3337352c342e35333420322e3337352c342e353334202d322e3633382c2d322e303535202d372e3334312c2d302e363532202d372e3334312c332e34353520302c322e30353620312e36382c342e33313820342e3331382c342e33313820332e3136352c3020342e3533342c2d332e34353520342e3533342c2d332e34353520302c3020302e3430322c332e393338202d312e3934332c362e303436206820352e3138322063202d322e3334352c2d322e313037202d312e3934332c2d362e303436202d312e3934332c2d362e30343620302c3020312e3336392c332e34353520342e3533342c332e34353520322e3633392c3020342e3331382c2d322e32363320342e3331382c2d342e33313820302c2d342e313037202d342e3730332c2d352e3531202d372e3334312c2d332e343535207a220a2020202020696e6b73636170653a636f6e6e6563746f722d6375727661747572653d2230220a20202020207374796c653d2266696c6c3a2330303030303022202f3e3c2f673e3c746578740a202020786d6c3a73706163653d227072657365727665220a2020207374796c653d22666f6e742d73697a653a333270783b666f6e742d7374796c653a6e6f726d616c3b666f6e742d7765696768743a6e6f726d616c3b6c696e652d6865696768743a313235253b6c65747465722d73706163696e673a3070783b776f72642d73706163696e673a3070783b66696c6c3a233030303030303b66696c6c2d6f7061636974793a313b7374726f6b653a6e6f6e653b666f6e742d66616d696c793a42697473747265616d20566572612053616e73220a202020783d222d3136302e3436333936220a202020793d222d3231342e34363636220a20202069643d2274657874333738382d38220a202020736f6469706f64693a6c696e6573706163696e673d2231323525220a2020207472616e73666f726d3d227363616c65282d312c2d3129223e3c747370616e0a2020202020736f6469706f64693a726f6c653d226c696e65220a202020202069643d22747370616e333739302d37220a2020202020783d222d3136302e3436333936220a2020202020793d222d3231342e34363636220a20202020207374796c653d22666f6e742d7374796c653a6e6f726d616c3b666f6e742d76617269616e743a6e6f726d616c3b666f6e742d7765696768743a6e6f726d616c3b666f6e742d737472657463683a6e6f726d616c3b666f6e742d66616d696c793a417269616c3b2d696e6b73636170652d666f6e742d73706563696669636174696f6e3a417269616c223e4b3c2f747370616e3e3c2f746578743e0a0a3c670a2020207472616e73666f726d3d226d6174726978282d312e343835363530362c302c302c2d312e343835363530362c3232312e31393931362c3233322e343631383229220a20202069643d226c61796572312d312d342d31223e3c706174680a202020202069643d22636c2d392d37220a2020202020643d226d2035302e3239313436362c32322e363938323238206320302c3020322e3337352c2d312e3920322e3337352c2d342e35333420302c2d312e353432202d312e3336392c2d342e313032202d342e3533342c2d342e313032202d332e3136352c30202d342e3533342c322e353631202d342e3533342c342e31303220302c322e36333420322e3337352c342e35333420322e3337352c342e353334202d322e3633382c2d322e303535202d372e3334312c2d302e363532202d372e3334312c332e34353520302c322e30353620312e36382c342e33313820342e3331382c342e33313820332e3136352c3020342e3533342c2d332e34353520342e3533342c2d332e34353520302c3020302e3430322c332e393338202d312e3934332c362e303436206820352e3138322063202d322e3334352c2d322e313037202d312e3934332c2d362e303436202d312e3934332c2d362e30343620302c3020312e3336392c332e34353520342e3533342c332e34353520322e3633392c3020342e3331382c2d322e32363320342e3331382c2d342e33313820302c2d342e313037202d342e3730332c2d352e3531202d372e3334312c2d332e343535207a220a2020202020696e6b73636170653a636f6e6e6563746f722d6375727661747572653d2230220a20202020207374796c653d2266696c6c3a2330303030303022202f3e3c2f673e3c2f7376673e0a);
INSERT INTO `user` (`user_id`, `name`, `email`, `avatar`) VALUES
(3, 'Wojciech S.', 'msuch17@console.blog', 0x3c3f786d6c2076657273696f6e3d22312e302220656e636f64696e673d225554462d3822207374616e64616c6f6e653d226e6f223f3e0a0a3c212d2d20687474703a2f2f636f64652e676f6f676c652e636f6d2f702f766563746f722d706c6179696e672d63617264732f202d2d3e0a0a3c7376670a202020786d6c6e733a64633d22687474703a2f2f7075726c2e6f72672f64632f656c656d656e74732f312e312f220a202020786d6c6e733a63633d22687474703a2f2f6372656174697665636f6d6d6f6e732e6f72672f6e7323220a202020786d6c6e733a7264663d22687474703a2f2f7777772e77332e6f72672f313939392f30322f32322d7264662d73796e7461782d6e7323220a202020786d6c6e733a7376673d22687474703a2f2f7777772e77332e6f72672f323030302f737667220a202020786d6c6e733d22687474703a2f2f7777772e77332e6f72672f323030302f737667220a202020786d6c6e733a786c696e6b3d22687474703a2f2f7777772e77332e6f72672f313939392f786c696e6b220a202020786d6c6e733a736f6469706f64693d22687474703a2f2f736f6469706f64692e736f75726365666f7267652e6e65742f4454442f736f6469706f64692d302e647464220a202020786d6c6e733a696e6b73636170653d22687474703a2f2f7777772e696e6b73636170652e6f72672f6e616d657370616365732f696e6b7363617065220a20202077696474683d223136372e303836393134317074220a2020206865696768743d223234322e363636393932327074220a20202076696577426f783d22302030203136372e30383639313431203234322e36363639393232220a202020786d6c3a73706163653d227072657365727665220a20202069643d2273766732220a20202076657273696f6e3d22312e31220a202020696e6b73636170653a76657273696f6e3d22302e34382e30207239363534220a202020736f6469706f64693a646f636e616d653d224a5f6f665f636c7562732e737667220a202020696e6b73636170653a6578706f72742d66696c656e616d653d222f686f6d652f6279726f6e2f6172742f63617264732f66696e616c2f504e47732f4a5f6f665f636c7562732e706e67220a202020696e6b73636170653a6578706f72742d786470693d223231352e3434373932220a202020696e6b73636170653a6578706f72742d796470693d223231352e3434373932223e3c6d657461646174610a20202069643d226d657461646174613433223e3c7264663a5244463e3c63633a576f726b0a202020202020207264663a61626f75743d22223e3c64633a666f726d61743e696d6167652f7376672b786d6c3c2f64633a666f726d61743e3c64633a747970650a2020202020202020207264663a7265736f757263653d22687474703a2f2f7075726c2e6f72672f64632f64636d69747970652f5374696c6c496d61676522202f3e3c64633a7469746c653e3c2f64633a7469746c653e3c2f63633a576f726b3e3c2f7264663a5244463e3c2f6d657461646174613e3c646566730a20202069643d22646566733431223e3c72616469616c4772616469656e740a2020202020696e6b73636170653a636f6c6c6563743d22616c77617973220a2020202020786c696e6b3a687265663d22236c696e6561724772616469656e7432393834220a202020202069643d2272616469616c4772616469656e7433373630220a202020202063783d2234382e323331303931220a202020202063793d2231382e313337383832220a202020202066783d2234382e323331303931220a202020202066793d2231382e313337383832220a2020202020723d22392e35220a20202020206772616469656e74556e6974733d227573657253706163654f6e557365220a20202020206772616469656e745472616e73666f726d3d226d6174726978282d312e353630353235362c302e30313832383239342c2d302e30323638343035352c2d322e323930393532382c3132332e39383337372c35382e3830393130382922202f3e3c6c696e6561724772616469656e740a202020202069643d226c696e6561724772616469656e7432393834223e3c73746f700a202020202020207374796c653d2273746f702d636f6c6f723a233030303030303b73746f702d6f7061636974793a313b220a202020202020206f66667365743d2230220a2020202020202069643d2273746f703239383622202f3e3c73746f700a202020202020207374796c653d2273746f702d636f6c6f723a233030303030303b73746f702d6f7061636974793a302e36353634383835343b220a202020202020206f66667365743d2231220a2020202020202069643d2273746f703239383822202f3e3c2f6c696e6561724772616469656e743e3c72616469616c4772616469656e740a2020202020696e6b73636170653a636f6c6c6563743d22616c77617973220a2020202020786c696e6b3a687265663d22236c696e6561724772616469656e7433373834220a202020202069643d2272616469616c4772616469656e7433373932220a202020202063783d223137312e3438363635220a202020202063793d223531312e3232323939220a202020202066783d223137312e3438363635220a202020202066793d223531312e3232323939220a2020202020723d2238312e393032373731220a20202020206772616469656e745472616e73666f726d3d226d617472697828312e313532393839312c2d302e36373339313534372c302e33393438323032352c302e36373534393034332c2d3233332e36333236322c3237302e343030373629220a20202020206772616469656e74556e6974733d227573657253706163654f6e55736522202f3e3c6c696e6561724772616469656e740a202020202069643d226c696e6561724772616469656e7433373834223e3c73746f700a202020202020207374796c653d2273746f702d636f6c6f723a236666666666663b73746f702d6f7061636974793a302e35333433353131373b220a202020202020206f66667365743d2230220a2020202020202069643d2273746f703337383622202f3e3c73746f700a202020202020207374796c653d2273746f702d636f6c6f723a233030303030303b73746f702d6f7061636974793a303b220a202020202020206f66667365743d2231220a2020202020202069643d2273746f703337383822202f3e3c2f6c696e6561724772616469656e743e3c66696c7465720a2020202020636f6c6f722d696e746572706f6c6174696f6e2d66696c746572733d2273524742220a2020202020696e6b73636170653a636f6c6c6563743d22616c77617973220a202020202069643d2266696c74657233383334220a2020202020783d222d302e3133393334343431220a202020202077696474683d22312e32373836383838220a2020202020793d222d302e3136323432303138220a20202020206865696768743d22312e33323438343034223e3c6665476175737369616e426c75720a20202020202020696e6b73636170653a636f6c6c6563743d22616c77617973220a20202020202020737464446576696174696f6e3d22392e35313035373732220a2020202020202069643d226665476175737369616e426c75723338333622202f3e3c2f66696c7465723e3c72616469616c4772616469656e740a2020202020723d2238312e393032373731220a202020202066793d223531312e3232323939220a202020202066783d223137312e3438363635220a202020202063793d223531312e3232323939220a202020202063783d223137312e3438363635220a20202020206772616469656e745472616e73666f726d3d226d617472697828312e313532393839312c2d302e36373339313534372c302e33393438323032352c302e36373534393034332c2d3233332e36333236322c3237302e343030373629220a20202020206772616469656e74556e6974733d227573657253706163654f6e557365220a202020202069643d2272616469616c4772616469656e7433383535220a2020202020786c696e6b3a687265663d22236c696e6561724772616469656e74333738342d34220a2020202020696e6b73636170653a636f6c6c6563743d22616c7761797322202f3e3c6c696e6561724772616469656e740a202020202069643d226c696e6561724772616469656e74333738342d34223e3c73746f700a202020202020207374796c653d2273746f702d636f6c6f723a236666666666663b73746f702d6f7061636974793a302e35313930383339383b220a202020202020206f66667365743d2230220a2020202020202069643d2273746f70333738362d3822202f3e3c73746f700a202020202020207374796c653d2273746f702d636f6c6f723a233030303030303b73746f702d6f7061636974793a303b220a202020202020206f66667365743d2231220a2020202020202069643d2273746f70333738382d3622202f3e3c2f6c696e6561724772616469656e743e3c66696c7465720a2020202020636f6c6f722d696e746572706f6c6174696f6e2d66696c746572733d2273524742220a2020202020696e6b73636170653a636f6c6c6563743d22616c77617973220a202020202069643d2266696c746572333833342d36220a2020202020783d222d302e3133393334343431220a202020202077696474683d22312e32373836383838220a2020202020793d222d302e3136323432303138220a20202020206865696768743d22312e33323438343034223e3c6665476175737369616e426c75720a20202020202020696e6b73636170653a636f6c6c6563743d22616c77617973220a20202020202020737464446576696174696f6e3d22392e35313035373732220a2020202020202069643d226665476175737369616e426c7572333833362d3622202f3e3c2f66696c7465723e3c72616469616c4772616469656e740a2020202020723d2238312e393032373731220a202020202066793d223436312e3834313133220a202020202066783d223138312e3639333932220a202020202063793d223436312e3834313133220a202020202063783d223138312e3639333932220a20202020206772616469656e745472616e73666f726d3d226d617472697828312e313532393839312c2d302e36373339313534372c302e33393438323032352c302e36373534393034332c2d3233332e36333236322c3237302e343030373629220a20202020206772616469656e74556e6974733d227573657253706163654f6e557365220a202020202069643d2272616469616c4772616469656e7433393136220a2020202020786c696e6b3a687265663d22236c696e6561724772616469656e74333738342d33220a2020202020696e6b73636170653a636f6c6c6563743d22616c7761797322202f3e3c6c696e6561724772616469656e740a202020202069643d226c696e6561724772616469656e74333738342d33223e3c73746f700a202020202020207374796c653d2273746f702d636f6c6f723a236666666666663b73746f702d6f7061636974793a302e37303232393030363b220a202020202020206f66667365743d2230220a2020202020202069643d2273746f70333738362d383622202f3e3c73746f700a202020202020207374796c653d2273746f702d636f6c6f723a233030303030303b73746f702d6f7061636974793a303b220a202020202020206f66667365743d2231220a2020202020202069643d2273746f70333738382d3222202f3e3c2f6c696e6561724772616469656e743e3c66696c7465720a2020202020636f6c6f722d696e746572706f6c6174696f6e2d66696c746572733d2273524742220a2020202020696e6b73636170653a636f6c6c6563743d22616c77617973220a202020202069643d2266696c746572333833342d37220a2020202020783d222d302e3133393334343431220a202020202077696474683d22312e32373836383838220a2020202020793d222d302e3136323432303138220a20202020206865696768743d22312e33323438343034223e3c6665476175737369616e426c75720a20202020202020696e6b73636170653a636f6c6c6563743d22616c77617973220a20202020202020737464446576696174696f6e3d22392e35313035373732220a2020202020202069643d226665476175737369616e426c7572333833362d3022202f3e3c2f66696c7465723e3c2f646566733e3c736f6469706f64693a6e616d6564766965770a20202070616765636f6c6f723d2223666666666666220a202020626f72646572636f6c6f723d2223363636363636220a202020626f726465726f7061636974793d2231220a2020206f626a656374746f6c6572616e63653d223130220a20202067726964746f6c6572616e63653d223130220a2020206775696465746f6c6572616e63653d223130220a202020696e6b73636170653a706167656f7061636974793d2230220a202020696e6b73636170653a70616765736861646f773d2232220a202020696e6b73636170653a77696e646f772d77696474683d2231363830220a202020696e6b73636170653a77696e646f772d6865696768743d22393737220a20202069643d226e616d6564766965773339220a20202073686f77677269643d2266616c7365220a202020696e6b73636170653a7a6f6f6d3d22322e34333336383733220a202020696e6b73636170653a63783d223138382e3731353331220a202020696e6b73636170653a63793d223134382e3136363836220a202020696e6b73636170653a77696e646f772d783d2230220a202020696e6b73636170653a77696e646f772d793d223235220a202020696e6b73636170653a77696e646f772d6d6178696d697a65643d2231220a202020696e6b73636170653a63757272656e742d6c617965723d227376673222202f3e0a093c670a20202069643d224c617965725f78303032305f31220a2020207374796c653d2266696c6c2d72756c653a6e6f6e7a65726f3b636c69702d72756c653a6e6f6e7a65726f3b7374726f6b653a233030303030303b7374726f6b652d6d697465726c696d69743a343b223e0a09093c706174680a2020207374796c653d2266696c6c3a234646464646463b7374726f6b652d77696474683a302e353b220a202020643d224d3136362e383336393134312c3233352e3534373835313663302c332e373737333433382d332e303836393134312c362e383639313430362d362e383731303933382c362e3836393134303648372e31313038333938632d332e373734393032332c302d362e383630383339382d332e303931373936392d362e383630383339382d362e3836393134303656372e3132303131373243302e32352c332e333432373733342c332e333335393337352c302e32352c372e313130383339382c302e3235683135322e383534393830352020202063332e373834313739372c302c362e383731303933382c332e303932373733342c362e383731303933382c362e38373031313732763232382e343237373334347a220a20202069643d22706174683522202f3e0a09093c670a2020207374796c653d227374726f6b653a6e6f6e653b220a20202069643d226737223e0a0909093c670a20202069643d226739223e0a090909090a0909093c2f673e0a0909090a09093c2f673e0a09093c670a20202069643d22673135223e0a0909090a09093c2f673e0a09093c670a20202069643d22673139223e0a0909090a09093c2f673e0a09093c670a2020207374796c653d227374726f6b653a6e6f6e653b220a20202069643d22673233223e0a0909093c670a20202069643d22673235223e0a090909090a0909093c2f673e0a0909090a09093c2f673e0a09093c670a2020207374796c653d227374726f6b653a6e6f6e653b220a20202069643d22673331223e0a0909093c670a20202069643d22673333223e0a090909090a0909093c2f673e0a0909090a09093c2f673e0a093c2f673e0a3c746578740a202020786d6c3a73706163653d227072657365727665220a2020207374796c653d22666f6e742d73697a653a333270783b666f6e742d7374796c653a6e6f726d616c3b666f6e742d7765696768743a6e6f726d616c3b6c696e652d6865696768743a313235253b6c65747465722d73706163696e673a3070783b776f72642d73706163696e673a3070783b66696c6c3a233030303030303b66696c6c2d6f7061636974793a313b7374726f6b653a6e6f6e653b666f6e742d66616d696c793a42697473747265616d20566572612053616e73220a202020783d22392e39313035343633220a202020793d2232372e353438343039220a20202069643d227465787433373838220a202020736f6469706f64693a6c696e6573706163696e673d2231323525223e3c747370616e0a2020202020736f6469706f64693a726f6c653d226c696e65220a202020202069643d22747370616e33373930220a2020202020783d22392e39313035343633220a2020202020793d2232372e353438343039220a20202020207374796c653d22666f6e742d7374796c653a6e6f726d616c3b666f6e742d76617269616e743a6e6f726d616c3b666f6e742d7765696768743a6e6f726d616c3b666f6e742d737472657463683a6e6f726d616c3b666f6e742d66616d696c793a417269616c3b2d696e6b73636170652d666f6e742d73706563696669636174696f6e3a417269616c223e4a3c2f747370616e3e3c2f746578743e0a0a0a0a3c670a2020207472616e73666f726d3d226d617472697828302e32303631343539392c302c302c302e32303631343539392c382e383730353436332c31362e35313237353929220a20202069643d226733383034223e3c670a202020202069643d226c61796572312d31220a20202020207472616e73666f726d3d226d61747269782832382e3936393932352c302c302c32382e3936393932352c2d313033312e353336382c2d3138372e333736363529223e3c706174680a202020202020207374796c653d2266696c6c3a75726c282372616469616c4772616469656e7433373630293b66696c6c2d6f7061636974793a31220a20202020202020696e6b73636170653a636f6e6e6563746f722d6375727661747572653d2230220a20202020202020643d226d2035302e3239313436362c32322e363938323238206320302c3020322e3337352c2d312e3920322e3337352c2d342e35333420302c2d312e353432202d312e3336392c2d342e313032202d342e3533342c2d342e313032202d332e3136352c30202d342e3533342c322e353631202d342e3533342c342e31303220302c322e36333420322e3337352c342e35333420322e3337352c342e353334202d322e3633382c2d322e303535202d372e3334312c2d302e363532202d372e3334312c332e34353520302c322e30353620312e36382c342e33313820342e3331382c342e33313820332e3136352c3020342e3533342c2d332e34353520342e3533342c2d332e34353520302c3020302e3430322c332e393338202d312e3934332c362e303436206820352e3138322063202d322e3334352c2d322e313037202d312e3934332c2d362e303436202d312e3934332c2d362e30343620302c3020312e3336392c332e34353520342e3533342c332e34353520322e3633392c3020342e3331382c2d322e32363320342e3331382c2d342e33313820302c2d342e313037202d342e3730332c2d352e3531202d372e3334312c2d332e343535207a220a2020202020202069643d22636c22202f3e3c2f673e3c706174680a20202020207472616e73666f726d3d226d617472697828312e313039313236312c302c302c312e323037313638372c2d33372e3334393134392c2d3131312e333432323729220a2020202020736f6469706f64693a6e6f646574797065733d226373637363220a2020202020696e6b73636170653a636f6e6e6563746f722d6375727661747572653d2230220a202020202069643d227061746833373632220a2020202020643d226d203131372e333031332c3630342e3236363039206320302c30202d382e30363735352c2d39342e39343939372032322e38353731352c2d3132322e38353731342033342e37363035322c2d33312e3336383731203134302c2d31312e3432383537203134302c2d31312e343238353720302c30202d37312e353430342c32342e3833373632202d3130302c34382e3537313433202d32372e32313033332c32322e3639313939202d36322e38353731352c38352e3731343238202d36322e38353731352c38352e3731343238207a220a20202020207374796c653d2266696c6c3a75726c282372616469616c4772616469656e7433373932293b66696c6c2d6f7061636974793a313b7374726f6b653a6e6f6e653b66696c7465723a75726c282366696c746572333833342922202f3e3c706174680a20202020207472616e73666f726d3d226d617472697828312e313039313236312c302c302c312e323037313638372c3131372e323532332c2d3333322e323635343529220a2020202020736f6469706f64693a6e6f646574797065733d226373637363220a2020202020696e6b73636170653a636f6e6e6563746f722d6375727661747572653d2230220a202020202069643d2270617468333736322d36220a2020202020643d226d203131372e333031332c3630342e3236363039206320302c30202d382e30363735352c2d39342e39343939372032322e38353731352c2d3132322e38353731342033342e37363035322c2d33312e3336383731203134302c2d31312e3432383537203134302c2d31312e343238353720302c30202d37312e353430342c32342e3833373632202d3130302c34382e3537313433202d32372e32313033332c32322e3639313939202d36322e38353731352c38352e3731343238202d36322e38353731352c38352e3731343238207a220a20202020207374796c653d2266696c6c3a75726c282372616469616c4772616469656e7433383535293b66696c6c2d6f7061636974793a313b7374726f6b653a6e6f6e653b66696c7465723a75726c282366696c746572333833342d362922202f3e3c706174680a20202020207472616e73666f726d3d226d617472697828312e313432303338342c302e373032393038342c2d302e38343138383438322c312e3336373833382c3732392e33373138372c2d3330352e303734363629220a2020202020736f6469706f64693a6e6f646574797065733d226373637363220a2020202020696e6b73636170653a636f6e6e6563746f722d6375727661747572653d2230220a202020202069643d2270617468333736322d37220a2020202020643d226d203131372e333031332c3630342e3236363039206320302c30202d382e30363735352c2d39342e39343939372032322e38353731352c2d3132322e38353731342033342e37363035322c2d33312e3336383731203134302c2d31312e3432383537203134302c2d31312e343238353720302c30202d37312e353430342c32342e3833373632202d3130302c34382e3537313433202d32372e32313033332c32322e3639313939202d36322e38353731352c38352e3731343238202d36322e38353731352c38352e3731343238207a220a20202020207374796c653d2266696c6c3a75726c282372616469616c4772616469656e7433393136293b66696c6c2d6f7061636974793a313b7374726f6b653a6e6f6e653b66696c7465723a75726c282366696c746572333833342d372922202f3e3c706174680a202020202069643d227265637433303135220a2020202020643d226d2032382e3335353533322c3132322e303235323220302c3733342e3238313235203636372e3135363234382c3020302c2d3733342e3238313235202d3636372e3135363234382c30207a206d203333342e3238313235382c39372e36323520632039312e36383937392c30203133312e33373439392c37342e3137323133203133312e33373439392c3131382e383433373520302c37362e3330363738202d36382e383132352c3133312e3334333735202d36382e383132352c3133312e33343337352037362e34323236362c2d35392e35333332203231322e36353632352c2d31382e3838353733203231322e36353632352c3130302e303933373520302c35392e35333332202d34382e36343231312c3132352e3039333735202d3132352e30393337352c3132352e3039333735202d39312e36383938322c30202d3133312e33343337342c2d3130302e3039333735202d3133312e33343337342c2d3130302e303933373520302c30202d31312e36353332322c3131342e31313636322035362e32383132342c3137352e3135363235206c202d3135302e31323439392c3020632036372e39333434372c2d36312e303638362035362e333132352c2d3137352e31353632352035362e333132352c2d3137352e313536323520302c30202d33392e36353339342c3130302e3039333735202d3133312e33343337352c3130302e3039333735202d37362e34323236362c30202d3132352e3039333735382c2d36352e3533313538202d3132352e3039333735382c2d3132352e303933373520302c2d3131382e3937393438203133362e3233333539382c2d3135392e3632363935203231322e3635363235382c2d3130302e303933373520302c30202d36382e383132352c2d35352e3033363937202d36382e383132352c2d3133312e333433373520302c2d34342e36343236352033392e36353339342c2d3131382e3834333735203133312e33343337352c2d3131382e3834333735207a220a20202020207374796c653d2266696c6c3a236666666566663b66696c6c2d6f7061636974793a313b66696c6c2d72756c653a6e6f6e7a65726f3b7374726f6b653a6e6f6e65220a2020202020696e6b73636170653a636f6e6e6563746f722d6375727661747572653d223022202f3e3c2f673e3c670a2020207472616e73666f726d3d226d617472697828312e343835363530362c302c302c312e343835363530362c2d35342e3032343636312c31302e30313830373229220a20202069643d226c61796572312d312d34223e3c706174680a202020202069643d22636c2d39220a2020202020643d226d2035302e3239313436362c32322e363938323238206320302c3020322e3337352c2d312e3920322e3337352c2d342e35333420302c2d312e353432202d312e3336392c2d342e313032202d342e3533342c2d342e313032202d332e3136352c30202d342e3533342c322e353631202d342e3533342c342e31303220302c322e36333420322e3337352c342e35333420322e3337352c342e353334202d322e3633382c2d322e303535202d372e3334312c2d302e363532202d372e3334312c332e34353520302c322e30353620312e36382c342e33313820342e3331382c342e33313820332e3136352c3020342e3533342c2d332e34353520342e3533342c2d332e34353520302c3020302e3430322c332e393338202d312e3934332c362e303436206820352e3138322063202d322e3334352c2d322e313037202d312e3934332c2d362e303436202d312e3934332c2d362e30343620302c3020312e3336392c332e34353520342e3533342c332e34353520322e3633392c3020342e3331382c2d322e32363320342e3331382c2d342e33313820302c2d342e313037202d342e3730332c2d352e3531202d372e3334312c2d332e343535207a220a2020202020696e6b73636170653a636f6e6e6563746f722d6375727661747572653d2230220a20202020207374796c653d2266696c6c3a2330303030303022202f3e3c2f673e3c746578740a202020786d6c3a73706163653d227072657365727665220a2020207374796c653d22666f6e742d73697a653a333270783b666f6e742d7374796c653a6e6f726d616c3b666f6e742d7765696768743a6e6f726d616c3b6c696e652d6865696768743a313235253b6c65747465722d73706163696e673a3070783b776f72642d73706163696e673a3070783b66696c6c3a233030303030303b66696c6c2d6f7061636974793a313b7374726f6b653a6e6f6e653b666f6e742d66616d696c793a42697473747265616d20566572612053616e73220a202020783d222d3135372e3236333935220a202020793d222d3231342e34363636220a20202069643d2274657874333738382d38220a202020736f6469706f64693a6c696e6573706163696e673d2231323525220a2020207472616e73666f726d3d227363616c65282d312c2d3129223e3c747370616e0a2020202020736f6469706f64693a726f6c653d226c696e65220a202020202069643d22747370616e333739302d37220a2020202020783d222d3135372e3236333935220a2020202020793d222d3231342e34363636220a20202020207374796c653d22666f6e742d7374796c653a6e6f726d616c3b666f6e742d76617269616e743a6e6f726d616c3b666f6e742d7765696768743a6e6f726d616c3b666f6e742d737472657463683a6e6f726d616c3b666f6e742d66616d696c793a417269616c3b2d696e6b73636170652d666f6e742d73706563696669636174696f6e3a417269616c223e4a3c2f747370616e3e3c2f746578743e0a0a3c670a2020207472616e73666f726d3d226d6174726978282d312e343835363530362c302c302c2d312e343835363530362c3232312e31393931362c3233322e343631383229220a20202069643d226c61796572312d312d342d31223e3c706174680a202020202069643d22636c2d392d37220a2020202020643d226d2035302e3239313436362c32322e363938323238206320302c3020322e3337352c2d312e3920322e3337352c2d342e35333420302c2d312e353432202d312e3336392c2d342e313032202d342e3533342c2d342e313032202d332e3136352c30202d342e3533342c322e353631202d342e3533342c342e31303220302c322e36333420322e3337352c342e35333420322e3337352c342e353334202d322e3633382c2d322e303535202d372e3334312c2d302e363532202d372e3334312c332e34353520302c322e30353620312e36382c342e33313820342e3331382c342e33313820332e3136352c3020342e3533342c2d332e34353520342e3533342c2d332e34353520302c3020302e3430322c332e393338202d312e3934332c362e303436206820352e3138322063202d322e3334352c2d322e313037202d312e3934332c2d362e303436202d312e3934332c2d362e30343620302c3020312e3336392c332e34353520342e3533342c332e34353520322e3633392c3020342e3331382c2d322e32363320342e3331382c2d342e33313820302c2d342e313037202d342e3730332c2d352e3531202d372e3334312c2d332e343535207a220a2020202020696e6b73636170653a636f6e6e6563746f722d6375727661747572653d2230220a20202020207374796c653d2266696c6c3a2330303030303022202f3e3c2f673e3c2f7376673e0a);

-- --------------------------------------------------------

--
-- Struktura tabeli dla tabeli `user_roles`
--

CREATE TABLE `user_roles` (
  `user_id` int(11) NOT NULL,
  `role_id` int(11) NOT NULL
) ENGINE=InnoDB DEFAULT CHARSET=utf8 COLLATE=utf8_polish_ci;

--
-- Zrzut danych tabeli `user_roles`
--

INSERT INTO `user_roles` (`user_id`, `role_id`) VALUES
(1, 1),
(2, 2),
(3, 2);

--
-- Indeksy dla zrzutw tabel
--

--
-- Indeksy dla tabeli `article`
--
ALTER TABLE `article`
  ADD PRIMARY KEY (`article_id`),
  ADD KEY `FK_author_article` (`author_id`);

--
-- Indeksy dla tabeli `comment`
--
ALTER TABLE `comment`
  ADD PRIMARY KEY (`comment_id`),
  ADD KEY `FK_article_comment` (`article_id`),
  ADD KEY `FK_author_comment` (`author_id`) USING BTREE;

--
-- Indeksy dla tabeli `permission`
--
ALTER TABLE `permission`
  ADD PRIMARY KEY (`permission_id`);

--
-- Indeksy dla tabeli `role`
--
ALTER TABLE `role`
  ADD PRIMARY KEY (`role_id`);

--
-- Indeksy dla tabeli `role_permissions`
--
ALTER TABLE `role_permissions`
  ADD PRIMARY KEY (`role_id`,`permission_id`),
  ADD KEY `FK_permission_roles` (`permission_id`);

--
-- Indeksy dla tabeli `user`
--
ALTER TABLE `user`
  ADD PRIMARY KEY (`user_id`) USING BTREE;

--
-- Indeksy dla tabeli `user_roles`
--
ALTER TABLE `user_roles`
  ADD PRIMARY KEY (`user_id`,`role_id`),
  ADD KEY `FK_role_users` (`role_id`) USING BTREE;

--
-- AUTO_INCREMENT dla zrzuconych tabel
--

--
-- AUTO_INCREMENT dla tabeli `article`
--
ALTER TABLE `article`
  MODIFY `article_id` int(11) NOT NULL AUTO_INCREMENT, AUTO_INCREMENT=4;

--
-- AUTO_INCREMENT dla tabeli `comment`
--
ALTER TABLE `comment`
  MODIFY `comment_id` int(11) NOT NULL AUTO_INCREMENT, AUTO_INCREMENT=4;

--
-- AUTO_INCREMENT dla tabeli `permission`
--
ALTER TABLE `permission`
  MODIFY `permission_id` int(11) NOT NULL AUTO_INCREMENT, AUTO_INCREMENT=4;

--
-- AUTO_INCREMENT dla tabeli `role`
--
ALTER TABLE `role`
  MODIFY `role_id` int(11) NOT NULL AUTO_INCREMENT, AUTO_INCREMENT=4;

--
-- AUTO_INCREMENT dla tabeli `user`
--
ALTER TABLE `user`
  MODIFY `user_id` int(11) NOT NULL AUTO_INCREMENT, AUTO_INCREMENT=4;

--
-- Ograniczenia dla zrzutw tabel
--

--
-- Ograniczenia dla tabeli `article`
--
ALTER TABLE `article`
  ADD CONSTRAINT `FK_author_article` FOREIGN KEY (`author_id`) REFERENCES `user` (`user_id`);

--
-- Ograniczenia dla tabeli `comment`
--
ALTER TABLE `comment`
  ADD CONSTRAINT `FK_article_comment` FOREIGN KEY (`article_id`) REFERENCES `article` (`article_id`),
  ADD CONSTRAINT `FK_author_comment` FOREIGN KEY (`author_id`) REFERENCES `user` (`user_id`);

--
-- Ograniczenia dla tabeli `role_permissions`
--
ALTER TABLE `role_permissions`
  ADD CONSTRAINT `FK_permission_roles` FOREIGN KEY (`permission_id`) REFERENCES `permission` (`permission_id`),
  ADD CONSTRAINT `FK_role_permissions` FOREIGN KEY (`role_id`) REFERENCES `role` (`role_id`);

--
-- Ograniczenia dla tabeli `user_roles`
--
ALTER TABLE `user_roles`
  ADD CONSTRAINT `FK_role_users` FOREIGN KEY (`role_id`) REFERENCES `role` (`role_id`),
  ADD CONSTRAINT `FK_user_roles` FOREIGN KEY (`user_id`) REFERENCES `user` (`user_id`);
COMMIT;

/*!40101 SET CHARACTER_SET_CLIENT=@OLD_CHARACTER_SET_CLIENT */;
/*!40101 SET CHARACTER_SET_RESULTS=@OLD_CHARACTER_SET_RESULTS */;
/*!40101 SET COLLATION_CONNECTION=@OLD_COLLATION_CONNECTION */;
